{
	"creation": "5-1-2020 13:22:42",
	"analyzedScenarios": 3,
	"scenarios": [
		{
			"scenarioName": "Scenario A",
			"analyzedVariants": 2,
			"minTotalGasUsed": 4084503,
			"maxTotalGasUsed": 4603283,
			"variants": [
				{
					"variantName": "Contract: OnDemand",
					"totalGasUsed": 4084503,
					"methods": [
						{
							"contractName": "AvgOnDemand",
							"methodName": "add",
							"numberOfCalls": 114,
							"averageGasUsed": 32414,
							"totalGasUsed": 3695214,
							"percentageOfScenario": 0.9046912194702759,
							"gasUsed": [
								62151,
								32151,
								32151,
								32151,
								32151,
								32151,
								32151,
								32151,
								32151,
								32151,
								32151,
								32151,
								32151,
								32151,
								32151,
								32151,
								32151,
								32151,
								32151,
								32151,
								32151,
								32151,
								32151,
								32151,
								32151,
								32151,
								32151,
								32151,
								32151,
								32151,
								32151,
								32151,
								32151,
								32151,
								32151,
								32151,
								32151,
								32151,
								32151,
								32151,
								32151,
								32151,
								32151,
								32151,
								32151,
								32151,
								32151,
								32151,
								32151,
								32151,
								32151,
								32151,
								32151,
								32151,
								32151,
								32151,
								32151,
								32151,
								32151,
								32151,
								32151,
								32151,
								32151,
								32151,
								32151,
								32151,
								32151,
								32151,
								32151,
								32151,
								32151,
								32151,
								32151,
								32151,
								32151,
								32151,
								32151,
								32151,
								32151,
								32151,
								32151,
								32151,
								32151,
								32151,
								32151,
								32151,
								32151,
								32151,
								32151,
								32151,
								32151,
								32151,
								32151,
								32151,
								32151,
								32151,
								32151,
								32151,
								32151,
								32151,
								32151,
								32151,
								32151,
								32151,
								32151,
								32151,
								32151,
								32151,
								32151,
								32151,
								32151,
								32151,
								32151,
								32151
							]
						},
						{
							"contractName": "AvgOnDemand",
							"methodName": "calc",
							"numberOfCalls": 12,
							"averageGasUsed": 21927,
							"totalGasUsed": 263124,
							"percentageOfScenario": 0.0644200775467664,
							"gasUsed": [
								21927,
								21927,
								21927,
								21927,
								21927,
								21927,
								21927,
								21927,
								21927,
								21927,
								21927,
								21927
							]
						}
					],
					"deployments": [
						{
							"contractName": "AvgOnDemand",
							"key": "AvgOnDemand_60806040",
							"numberOfDeployments": 1,
							"averageGasUsed": 126165,
							"totalGasUsed": 126165,
							"percentageOfScenario": 0.030888702982957778,
							"gasUsed": [
								126165
							]
						}
					]
				},
				{
					"variantName": "Contract: Observer",
					"totalGasUsed": 4603283,
					"methods": [
						{
							"contractName": "AvgOnObserver",
							"methodName": "addCalc",
							"numberOfCalls": 114,
							"averageGasUsed": 39258,
							"totalGasUsed": 4475382,
							"percentageOfScenario": 0.9722152646274409,
							"gasUsed": [
								83863,
								38863,
								38863,
								38863,
								38863,
								38863,
								38863,
								38863,
								38863,
								38863,
								38863,
								38863,
								38863,
								38863,
								38863,
								38863,
								38863,
								38863,
								38863,
								38863,
								38863,
								38863,
								38863,
								38863,
								38863,
								38863,
								38863,
								38863,
								38863,
								38863,
								38863,
								38863,
								38863,
								38863,
								38863,
								38863,
								38863,
								38863,
								38863,
								38863,
								38863,
								38863,
								38863,
								38863,
								38863,
								38863,
								38863,
								38863,
								38863,
								38863,
								38863,
								38863,
								38863,
								38863,
								38863,
								38863,
								38863,
								38863,
								38863,
								38863,
								38863,
								38863,
								38863,
								38863,
								38863,
								38863,
								38863,
								38863,
								38863,
								38863,
								38863,
								38863,
								38863,
								38863,
								38863,
								38863,
								38863,
								38863,
								38863,
								38863,
								38863,
								38863,
								38863,
								38863,
								38863,
								38863,
								38863,
								38863,
								38863,
								38863,
								38863,
								38863,
								38863,
								38863,
								38863,
								38863,
								38863,
								38863,
								38863,
								38863,
								38863,
								38863,
								38863,
								38863,
								38863,
								38863,
								38863,
								38863,
								38863,
								38863,
								38863,
								38863,
								38863,
								38863
							]
						}
					],
					"deployments": [
						{
							"contractName": "AvgOnObserver",
							"key": "AvgOnObserver_60806040",
							"numberOfDeployments": 1,
							"averageGasUsed": 127901,
							"totalGasUsed": 127901,
							"percentageOfScenario": 0.027784735372559106,
							"gasUsed": [
								127901
							]
						}
					]
				}
			]
		},
		{
			"scenarioName": "Scenario B",
			"analyzedVariants": 2,
			"minTotalGasUsed": 3204215,
			"maxTotalGasUsed": 4374249,
			"variants": [
				{
					"variantName": "Contract: OnDemand",
					"totalGasUsed": 4374249,
					"methods": [
						{
							"contractName": "AvgOnDemand",
							"methodName": "add",
							"numberOfCalls": 78,
							"averageGasUsed": 32536,
							"totalGasUsed": 2537778,
							"percentageOfScenario": 0.5801631320027735,
							"gasUsed": [
								62151,
								32151,
								32151,
								32151,
								32151,
								32151,
								32151,
								32151,
								32151,
								32151,
								32151,
								32151,
								32151,
								32151,
								32151,
								32151,
								32151,
								32151,
								32151,
								32151,
								32151,
								32151,
								32151,
								32151,
								32151,
								32151,
								32151,
								32151,
								32151,
								32151,
								32151,
								32151,
								32151,
								32151,
								32151,
								32151,
								32151,
								32151,
								32151,
								32151,
								32151,
								32151,
								32151,
								32151,
								32151,
								32151,
								32151,
								32151,
								32151,
								32151,
								32151,
								32151,
								32151,
								32151,
								32151,
								32151,
								32151,
								32151,
								32151,
								32151,
								32151,
								32151,
								32151,
								32151,
								32151,
								32151,
								32151,
								32151,
								32151,
								32151,
								32151,
								32151,
								32151,
								32151,
								32151,
								32151,
								32151,
								32151
							]
						},
						{
							"contractName": "AvgOnDemand",
							"methodName": "calc",
							"numberOfCalls": 78,
							"averageGasUsed": 21927,
							"totalGasUsed": 1710306,
							"percentageOfScenario": 0.39099420266198837,