{"creation":"8-1-2020 17:15:24","analyzedScenarios":3,"scenarios":[{"scenarioName":"Scenario A","analyzedVariants":2,"minTotalGasUsed":3393192,"maxTotalGasUsed":4059201,"variants":[{"variantName":"Contract: OnDemand","totalGasUsed":3393192,"methods":[{"contractName":"AvgOnDemand","methodName":"add","numberOfCalls":100,"averageGasUsed":32451,"totalGasUsed":3245100,"percentageOfScenario":0.9563561389983237,"gasUsed":[62151,32151,32151,32151,32151,32151,32151,32151,32151,32151,32151,32151,32151,32151,32151,32151,32151,32151,32151,32151,32151,32151,32151,32151,32151,32151,32151,32151,32151,32151,32151,32151,32151,32151,32151,32151,32151,32151,32151,32151,32151,32151,32151,32151,32151,32151,32151,32151,32151,32151,32151,32151,32151,32151,32151,32151,32151,32151,32151,32151,32151,32151,32151,32151,32151,32151,32151,32151,32151,32151,32151,32151,32151,32151,32151,32151,32151,32151,32151,32151,32151,32151,32151,32151,32151,32151,32151,32151,32151,32151,32151,32151,32151,32151,32151,32151,32151,32151,32151,32151]},{"contractName":"AvgOnDemand","methodName":"calc","numberOfCalls":1,"averageGasUsed":21927,"totalGasUsed":21927,"percentageOfScenario":0.006462056965830404,"gasUsed":[21927]}],"deployments":[{"contractName":"AvgOnDemand","key":"AvgOnDemand_60806040","numberOfDeployments":1,"averageGasUsed":126165,"totalGasUsed":126165,"percentageOfScenario":0.037181804035845895,"gasUsed":[126165]}]},{"variantName":"Contract: Observer","totalGasUsed":4059201,"methods":[{"contractName":"AvgOnObserver","methodName":"addCalc","numberOfCalls":100,"averageGasUsed":39313,"totalGasUsed":3931300,"percentageOfScenario":0.9684910897489432,"gasUsed":[83863,38863,38863,38863,38863,38863,38863,38863,38863,38863,38863,38863,38863,38863,38863,38863,38863,38863,38863,38863,38863,38863,38863,38863,38863,38863,38863,38863,38863,38863,38863,38863,38863,38863,38863,38863,38863,38863,38863,38863,38863,38863,38863,38863,38863,38863,38863,38863,38863,38863,38863,38863,38863,38863,38863,38863,38863,38863,38863,38863,38863,38863,38863,38863,38863,38863,38863,38863,38863,38863,38863,38863,38863,38863,38863,38863,38863,38863,38863,38863,38863,38863,38863,38863,38863,38863,38863,38863,38863,38863,38863,38863,38863,38863,38863,38863,38863,38863,38863,38863]}],"deployments":[{"contractName":"AvgOnObserver","key":"AvgOnObserver_60806040","numberOfDeployments":1,"averageGasUsed":127901,"totalGasUsed":127901,"percentageOfScenario":0.031508910251056794,"gasUsed":[127901]}]}]},{"scenarioName":"Scenario B","analyzedVariants":2,"minTotalGasUsed":210243,"maxTotalGasUsed":211764,"variants":[{"variantName":"Contract: OnDemand","totalGasUsed":210243,"methods":[{"contractName":"AvgOnDemand","methodName":"add","numberOfCalls":1,"averageGasUsed":62151,"totalGasUsed":62151,"percentageOfScenario":0.29561507398581643,"gasUsed":[62151]},{"contractName":"AvgOnDemand","methodName":"calc","numberOfCalls":1,"averageGasUsed":21927,"totalGasUsed":21927,"percentageOfScenario":0.1042936031163939,"gasUsed":[21927]}],"deployments":[{"contractName":"AvgOnDemand","key":"AvgOnDemand_60806040","numberOfDeployments":1,"averageGasUsed":126165,"totalGasUsed":126165,"percentageOfScenario":0.6000913228977897,"gasUsed":[126165]}]},{"variantName":"Contract: Observer","totalGasUsed":211764,"methods":[{"contractName":"AvgOnObserver","methodName":"addCalc","numberOfCalls":1,"averageGasUsed":83863,"totalGasUsed":83863,"percentageOfScenario":0.3960210422923632,"gasUsed":[83863]}],"deployments":[{"contractName":"AvgOnObserver","key":"AvgOnObserver_60806040","numberOfDeployments":1,"averageGasUsed":127901,"totalGasUsed":127901,"percentageOfScenario":0.6039789577076368,"gasUsed":[127901]}]}]},{"scenarioName":"Scenario C","analyzedVariants":2,"minTotalGasUsed":211764,"maxTotalGasUsed":2381016,"variants":[{"variantName":"Contract: OnDemand","totalGasUsed":2381016,"methods":[{"contractName":"AvgOnDemand","methodName":"add","numberOfCalls":1,"averageGasUsed":62151,"totalGasUsed":62151,"percentageOfScenario":0.026102722535253857,"gasUsed":[62151]},{"contractName":"AvgOnDemand","methodName":"calc","numberOfCalls":100,"averageGasUsed":21927,"totalGasUsed":2192700,"percentageOfScenario":0.920909393301011,"gasUsed":[21927,21927,21927,21927,21927,21927,21927,21927,21927,21927,21927,21927,21927,21927,21927,21927,21927,21927,21927,21927,21927,21927,21927,21927,21927,21927,21927,21927,21927,21927,21927,21927,21927,21927,21927,21927,21927,21927,21927,21927,21927,21927,21927,21927,21927,21927,21927,21927,21927,21927,21927,21927,21927,21927,21927,21927,21927,21927,21927,21927,21927,21927,21927,21927,21927,21927,21927,21927,21927,21927,21927,21927,21927,21927,21927,21927,21927,21927,21927,21927,21927,21927,21927,21927,21927,21927,21927,21927,21927,21927,21927,21927,21927,21927,21927,21927,21927,21927,21927,21927]}],"deployments":[{"contractName":"AvgOnDemand","key":"AvgOnDemand_60806040","numberOfDeployments":1,"averageGasUsed":126165,"totalGasUsed":126165,"percentageOfScenario":0.05298788416373514,"gasUsed":[126165]}]},{"variantName":"Contract: Observer","totalGasUsed":211764,"methods":[{"contractName":"AvgOnObserver","methodName":"addCalc","numberOfCalls":1,"averageGasUsed":83863,"totalGasUsed":83863,"percentageOfScenario":0.3960210422923632,"gasUsed":[83863]}],"deployments":[{"contractName":"AvgOnObserver","key":"AvgOnObserver_60806040","numberOfDeployments":1,"averageGasUsed":127901,"totalGasUsed":127901,"percentageOfScenario":0.6039789577076368,"gasUsed":[127901]}]}]}],"metaData":{"blockLimit":6721975,"methods":{"AvgOnDemand_87db03b7":{"key":"87db03b7","contract":"AvgOnDemand","method":"add","inputs":[{"name":"n","type":"int256"}]},"AvgOnDemand_96f1b6be":{"key":"96f1b6be","contract":"AvgOnDemand","method":"calc","inputs":[]},"AvgOnObserver_ac823370":{"key":"ac823370","contract":"AvgOnObserver","method":"addCalc","inputs":[{"name":"n","type":"int256"}]}},"deployments":[{"name":"AvgOnDemand","key":"AvgOnDemand_60806040","bytecode":"0x608060405234801561001057600080fd5b50610113806100206000396000f3fe6080604052600436106049576000357c0100000000000000000000000000000000000000000000000000000000900463ffffffff16806387db03b714604e57806396f1b6be146085575b600080fd5b348015605957600080fd5b50608360048036036020811015606e57600080fd5b810190808035906020019092919050505060ad565b005b348015609057600080fd5b50609760d1565b6040518082815260200191505060405180910390f35b80600080828254019250508190555060016000815480929190600101919050555050565b600060015460005481151560e157fe5b0590509056fea165627a7a723058202bb4a669b20815433de14435ade905e35434f1f20fff315868fa30ff2eb6802f0029","deployedBytecode":"0x6080604052600436106049576000357c0100000000000000000000000000000000000000000000000000000000900463ffffffff16806387db03b714604e57806396f1b6be146085575b600080fd5b348015605957600080fd5b50608360048036036020811015606e57600080fd5b810190808035906020019092919050505060ad565b005b348015609057600080fd5b50609760d1565b6040518082815260200191505060405180910390f35b80600080828254019250508190555060016000815480929190600101919050555050565b600060015460005481151560e157fe5b0590509056fea165627a7a723058202bb4a669b20815433de14435ade905e35434f1f20fff315868fa30ff2eb6802f0029"},{"name":"AvgOnObserver","key":"AvgOnObserver_60806040","bytecode":"0x608060405234801561001057600080fd5b50610119806100206000396000f3fe608060405260043610603f576000357c0100000000000000000000000000000000000000000000000000000000900463ffffffff168063ac823370146044575b600080fd5b348015604f57600080fd5b50607960048036036020811015606457600080fd5b8101908080359060200190929190505050607b565b005b80600080828254019250508190555060016000815480929190600101919050555060015460005481151560aa57fe5b056002819055507ff8e857a3b8efc3da9716866fdd72047a6306df065ed6022be5716bef6249958b6002546040518082815260200191505060405180910390a15056fea165627a7a72305820a842476eb2bd300884261e5e3605c02d2d84699bbb70276146db207df41b5f2c0029",