{"creation":"8-1-2020 16:54:45","analyzedScenarios":3,"scenarios":[{"scenarioName":"Scenario A","analyzedVariants":2,"minTotalGasUsed":5307720,"maxTotalGasUsed":6002351,"variants":[{"variantName":"Contract: OnDemand","totalGasUsed":5307720,"methods":[{"contractName":"AvgOnDemand","methodName":"add","numberOfCalls":150,"averageGasUsed":32351,"totalGasUsed":4852650,"percentageOfScenario":0.9142626212384979,"gasUsed":[62151,32151,32151,32151,32151,32151,32151,32151,32151,32151,32151,32151,32151,32151,32151,32151,32151,32151,32151,32151,32151,32151,32151,32151,32151,32151,32151,32151,32151,32151,32151,32151,32151,32151,32151,32151,32151,32151,32151,32151,32151,32151,32151,32151,32151,32151,32151,32151,32151,32151,32151,32151,32151,32151,32151,32151,32151,32151,32151,32151,32151,32151,32151,32151,32151,32151,32151,32151,32151,32151,32151,32151,32151,32151,32151,32151,32151,32151,32151,32151,32151,32151,32151,32151,32151,32151,32151,32151,32151,32151,32151,32151,32151,32151,32151,32151,32151,32151,32151,32151,32151,32151,32151,32151,32151,32151,32151,32151,32151,32151,32151,32151,32151,32151,32151,32151,32151,32151,32151,32151,32151,32151,32151,32151,32151,32151,32151,32151,32151,32151,32151,32151,32151,32151,32151,32151,32151,32151,32151,32151,32151,32151,32151,32151,32151,32151,32151,32151,32151,32151]},{"contractName":"AvgOnDemand","methodName":"calc","numberOfCalls":15,"averageGasUsed":21927,"totalGasUsed":328905,"percentageOfScenario":0.061967285388076235,"gasUsed":[21927,21927,21927,21927,21927,21927,21927,21927,21927,21927,21927,21927,21927,21927,21927]}],"deployments":[{"contractName":"AvgOnDemand","key":"AvgOnDemand_60806040","numberOfDeployments":1,"averageGasUsed":126165,"totalGasUsed":126165,"percentageOfScenario":0.023770093373425876,"gasUsed":[126165]}]},{"variantName":"Contract: Observer","totalGasUsed":6002351,"methods":[{"contractName":"AvgOnObserver","methodName":"addCalc","numberOfCalls":150,"averageGasUsed":39163,"totalGasUsed":5874450,"percentageOfScenario":0.9786915160409646,"gasUsed":[83863,38863,38863,38863,38863,38863,38863,38863,38863,38863,38863,38863,38863,38863,38863,38863,38863,38863,38863,38863,38863,38863,38863,38863,38863,38863,38863,38863,38863,38863,38863,38863,38863,38863,38863,38863,38863,38863,38863,38863,38863,38863,38863,38863,38863,38863,38863,38863,38863,38863,38863,38863,38863,38863,38863,38863,38863,38863,38863,38863,38863,38863,38863,38863,38863,38863,38863,38863,38863,38863,38863,38863,38863,38863,38863,38863,38863,38863,38863,38863,38863,38863,38863,38863,38863,38863,38863,38863,38863,38863,38863,38863,38863,38863,38863,38863,38863,38863,38863,38863,38863,38863,38863,38863,38863,38863,38863,38863,38863,38863,38863,38863,38863,38863,38863,38863,38863,38863,38863,38863,38863,38863,38863,38863,38863,38863,38863,38863,38863,38863,38863,38863,38863,38863,38863,38863,38863,38863,38863,38863,38863,38863,38863,38863,38863,38863,38863,38863,38863,38863]}],"deployments":[{"contractName":"AvgOnObserver","key":"AvgOnObserver_60806040","numberOfDeployments":1,"averageGasUsed":127901,"totalGasUsed":127901,"percentageOfScenario":0.021308483959035385,"gasUsed":[127901]}]}]},{"scenarioName":"Scenario B","analyzedVariants":2,"minTotalGasUsed":6002351,"maxTotalGasUsed":8267865,"variants":[{"variantName":"Contract: OnDemand","totalGasUsed":8267865,"methods":[{"contractName":"AvgOnDemand","methodName":"add","numberOfCalls":150,"averageGasUsed":32351,"totalGasUsed":4852650,"percentageOfScenario":0.5869290318600993,"gasUsed":[62151,32151,32151,32151,32151,32151,32151,32151,32151,32151,32151,32151,32151,32151,32151,32151,32151,32151,32151,32151,32151,32151,32151,32151,32151,32151,32151,32151,32151,32151,32151,32151,32151,32151,32151,32151,32151,32151,32151,32151,32151,32151,32151,32151,32151,32151,32151,32151,32151,32151,32151,32151,32151,32151,32151,32151,32151,32151,32151,32151,32151,32151,32151,32151,32151,32151,32151,32151,32151,32151,32151,32151,32151,32151,32151,32151,32151,32151,32151,32151,32151,32151,32151,32151,32151,32151,32151,32151,32151,32151,32151,32151,32151,32151,32151,32151,32151,32151,32151,32151,32151,32151,32151,32151,32151,32151,32151,32151,32151,32151,32151,32151,32151,32151,32151,32151,32151,32151,32151,32151,32151,32151,32151,32151,32151,32151,32151,32151,32151,32151,32151,32151,32151,32151,32151,32151,32151,32151,32151,32151,32151,32151,32151,32151,32151,32151,32151,32151,32151,32151]},{"contractName":"AvgOnDemand","methodName":"calc","numberOfCalls":150,"averageGasUsed":21927,"totalGasUsed":3289050,"percentageOfScenario":0.39781128501735336,"gasUsed":[21927,21927,21927,21927,21927,21927,21927,21927,21927,21927,21927,21927,21927,21927,21927,21927,21927,21927,21927,21927,21927,21927,21927,21927,21927,21927,21927,21927,21927,21927,21927,21927,21927,21927,21927,21927,21927,21927,21927,21927,21927,21927,21927,21927,21927,21927,21927,21927,21927,21927,21927,21927,21927,21927,21927,21927,21927,21927,21927,21927,21927,21927,21927,21927,21927,21927,21927,21927,21927,21927,21927,21927,21927,21927,21927,21927,21927,21927,21927,21927,21927,21927,21927,21927,21927,21927,21927,21927,21927,21927,21927,21927,21927,21927,21927,21927,21927,21927,21927,21927,21927,21927,21927,21927,21927,21927,21927,21927,21927,21927,21927,21927,21927,21927,21927,21927,21927,21927,21927,21927,21927,21927,21927,21927,21927,21927,21927,21927,21927,21927,21927,21927,21927,21927,21927,21927,21927,21927,21927,21927,21927,21927,21927,21927,21927,21927,21927,21927,21927,21927]}],"deployments":[{"contractName":"AvgOnDemand","key":"AvgOnDemand_60806040","numberOfDeployments":1,"averageGasUsed":126165,"totalGasUsed":126165,"percentageOfScenario":0.015259683122547357,"gasUsed":[126165]}]},{"variantName":"Contract: Observer","totalGasUsed":6002351,"methods":[{"contractName":"AvgOnObserver","methodName":"addCalc","numberOfCalls":150,"averageGasUsed":39163,"totalGasUsed":5874450,"percentageOfScenario":0.9786915160409646,"gasUsed":[83863,38863,38863,38863,38863,38863,38863,38863,38863,38863,38863,38863,38863,38863,38863,38863,38863,38863,38863,38863,38863,38863,38863,38863,38863,38863,38863,38863,38863,38863,38863,38863,38863,38863,38863,38863,38863,38863,38863,38863,38863,38863,38863,38863,38863,38863,38863,38863,38863,38863,38863,38863,38863,38863,38863,38863,38863,38863,38863,38863,38863,38863,38863,38863,38863,38863,38863,38863,38863,38863,38863,38863,38863,38863,38863,38863,38863,38863,38863,38863,38863,38863,38863,38863,38863,38863,38863,38863,38863,38863,38863,38863,38863,38863,38863,38863,38863,38863,38863,38863,38863,38863,38863,38863,38863,38863,38863,38863,38863,38863,38863,38863,38863,38863,38863,38863,38863,38863,38863,38863,38863,38863,38863,38863,38863,38863,38863,38863,38863,38863,38863,38863,38863,38863,38863,38863,38863,38863,38863,38863,38863,38863,38863,38863,38863,38863,38863,38863,38863,38863]}],"deployments":[{"contractName":"AvgOnObserver","key":"AvgOnObserver_60806040","numberOfDeployments":1,"averageGasUsed":127901,"totalGasUsed":127901,"percentageOfScenario":0.021308483959035385,"gasUsed":[127901]}]}]},{"scenarioName":"Scenario C","analyzedVariants":2,"minTotalGasUsed":755846,"maxTotalGasUsed":3927480,"variants":[{"variantName":"Contract: OnDemand","totalGasUsed":3927480,"methods":[{"contractName":"AvgOnDemand","methodName":"add","numberOfCalls":15,"averageGasUsed":34151,"totalGasUsed":512265,"percentageOfScenario":0.13043096336582236,"gasUsed":[62151,32151,32151,32151,32151,32151,32151,32151,32151,32151,32151,32151,32151,32151,32151]},{"contractName":"AvgOnDemand","methodName":"calc","numberOfCalls":150,"averageGasUsed":21927,"totalGasUsed":3289050,"percentageOfScenario":0.8374453848269119,